creator,version,href,ns1:text,ns1:time,lat,lon,ns1:ele,ns1:time2,ns1:name,ns1:sym
GPSMAP 64s,1.1,http://www.garmin.com,Garmin International,2020-01-01T04:15:24Z,30.816861,68.067283,1559.95813,2020-01-01T04:15:24Z,1,"Flag, Blue"
GPSMAP 64s,1.1,http://www.garmin.com,Garmin International,2020-01-01T04:15:24Z,30.816989,68.067131,1561.135132,2020-01-01T04:16:17Z,2,"Flag, Blue"
GPSMAP 64s,1.1,http://www.garmin.com,Garmin International,2020-01-01T04:15:24Z,30.817839,68.067123,1576.126465,2020-01-01T04:24:30Z,3,"Flag, Blue"
GPSMAP 64s,1.1,http://www.garmin.com,Garmin International,2020-01-01T04:15:24Z,30.817704,68.0673,1578.195557,2020-01-01T04:25:33Z,4,"Flag, Blue"
GPSMAP 64s,1.1,http://www.garmin.com,Garmin International,2020-01-01T04:15:24Z,30.817568,68.06822,1579.476929,2020-01-01T04:27:17Z,5,"Flag, Blue"
GPSMAP 64s,1.1,http://www.garmin.com,Garmin International,2020-01-01T04:15:24Z,30.817593,68.069067,1587.178467,2020-01-01T04:34:59Z,6,"Flag, Blue"
GPSMAP 64s,1.1,http://www.garmin.com,Garmin International,2020-01-01T04:15:24Z,30.817623,68.06986,1587.975464,2020-01-01T04:36:26Z,7,"Flag, Blue"
GPSMAP 64s,1.1,http://www.garmin.com,Garmin International,2020-01-01T04:15:24Z,30.817654,68.070728,1588.680054,2020-01-01T04:38:23Z,8,"Flag, Blue"
GPSMAP 64s,1.1,http://www.garmin.com,Garmin International,2020-01-01T04:15:24Z,30.817671,68.070732,1588.73938,2020-01-01T04:38:28Z,9,"Flag, Blue"
GPSMAP 64s,1.1,http://www.garmin.com,Garmin International,2020-01-01T04:15:24Z,30.817748,68.071589,1595.963989,2020-01-01T04:46:39Z,10,"Flag, Blue"
GPSMAP 64s,1.1,http://www.garmin.com,Garmin International,2020-01-01T04:15:24Z,30.817973,68.072379,1601.235962,2020-01-01T04:52:01Z,11,"Flag, Blue"
GPSMAP 64s,1.1,http://www.garmin.com,Garmin International,2020-01-01T04:15:24Z,30.81798,68.072391,1601.279785,2020-01-01T04:52:06Z,12,"Flag, Blue"
GPSMAP 64s,1.1,http://www.garmin.com,Garmin International,2020-01-01T04:15:24Z,30.816871,68.071609,1603.04895,2020-01-01T04:54:12Z,13,"Flag, Blue"
GPSMAP 64s,1.1,http://www.garmin.com,Garmin International,2020-01-01T04:15:24Z,30.816004,68.071622,1606.209229,2020-01-01T04:58:11Z,14,"Flag, Blue"
GPSMAP 64s,1.1,http://www.garmin.com,Garmin International,2020-01-01T04:15:24Z,30.815633,68.071591,1607.783691,2020-01-01T04:58:59Z,15,"Flag, Blue"
GPSMAP 64s,1.1,http://www.garmin.com,Garmin International,2020-01-01T04:15:24Z,30.818919,68.071431,1609.804443,2020-01-01T05:06:11Z,16,"Flag, Blue"
GPSMAP 64s,1.1,http://www.garmin.com,Garmin International,2020-01-01T04:15:24Z,30.819713,68.071469,1612.144443,2020-01-01T05:08:18Z,17,"Flag, Blue"
GPSMAP 64s,1.1,http://www.garmin.com,Garmin International,2020-01-01T04:15:24Z,30.819712,68.071448,1613.103456,2020-01-01T05:08:22Z,18,"Flag, Blue"
GPSMAP 64s,1.1,http://www.garmin.com,Garmin International,2020-01-01T04:15:24Z,30.820746,68.071372,1613.160278,2020-01-01T05:14:08Z,19,"Flag, Blue"
GPSMAP 64s,1.1,http://www.garmin.com,Garmin International,2020-01-01T04:15:24Z,30.821617,68.071369,1614.329834,2020-01-01T05:16:03Z,20,"Flag, Blue"
GPSMAP 64s,1.1,http://www.garmin.com,Garmin International,2020-01-01T04:15:24Z,30.822542,68.071107,1617.63208,2020-01-01T05:23:53Z,21,"Flag, Blue"
GPSMAP 64s,1.1,http://www.garmin.com,Garmin International,2020-01-01T04:15:24Z,30.822874,68.071738,1617.360229,2020-01-01T05:25:23Z,22,"Flag, Blue"
GPSMAP 64s,1.1,http://www.garmin.com,Garmin International,2020-01-01T04:15:24Z,30.822867,68.071752,1617.417969,2020-01-01T05:25:28Z,23,"Flag, Blue"
GPSMAP 64s,1.1,http://www.garmin.com,Garmin International,2020-01-01T04:15:24Z,30.823543,68.07108,1618.35144,2020-01-01T05:27:47Z,24,"Flag, Blue"
GPSMAP 64s,1.1,http://www.garmin.com,Garmin International,2020-01-01T04:15:24Z,30.823546,68.070264,1618.651001,2020-01-01T05:29:17Z,25,"Flag, Blue"
GPSMAP 64s,1.1,http://www.garmin.com,Garmin International,2020-01-01T04:15:24Z,30.823461,68.069721,1619.249268,2020-01-01T05:30:46Z,26,"Flag, Blue"
GPSMAP 64s,1.1,http://www.garmin.com,Garmin International,2020-01-01T04:15:24Z,30.823465,68.069716,1618.508789,2020-01-01T05:30:51Z,27,"Flag, Blue"
GPSMAP 64s,1.1,http://www.garmin.com,Garmin International,2020-01-01T04:15:24Z,30.823919,68.069948,1620.806641,2020-01-01T05:39:19Z,28,"Flag, Blue"
GPSMAP 64s,1.1,http://www.garmin.com,Garmin International,2020-01-01T04:15:24Z,30.82392,68.069925,1620.825928,2020-01-01T05:39:23Z,29,"Flag, Blue"
GPSMAP 64s,1.1,http://www.garmin.com,Garmin International,2020-01-01T04:15:24Z,30.824586,68.071074,1621.026367,2020-01-01T05:43:43Z,30,"Flag, Blue"
GPSMAP 64s,1.1,http://www.garmin.com,Garmin International,2020-01-01T04:15:24Z,30.825494,68.071035,1621.399292,2020-01-01T05:45:50Z,31,"Flag, Blue"
GPSMAP 64s,1.1,http://www.garmin.com,Garmin International,2020-01-01T04:15:24Z,30.825503,68.071049,1621.422852,2020-01-01T05:45:54Z,32,"Flag, Blue"
GPSMAP 64s,1.1,http://www.garmin.com,Garmin International,2020-01-01T04:15:24Z,30.826621,68.071022,1623.32019,2020-01-01T05:54:49Z,33,"Flag, Blue"
GPSMAP 64s,1.1,http://www.garmin.com,Garmin International,2020-01-01T04:15:24Z,30.827471,68.071002,1623.905396,2020-01-01T05:56:59Z,34,"Flag, Blue"
GPSMAP 64s,1.1,http://www.garmin.com,Garmin International,2020-01-01T04:15:24Z,30.827548,68.070375,1623.696045,2020-01-01T05:58:10Z,35,"Flag, Blue"
GPSMAP 64s,1.1,http://www.garmin.com,Garmin International,2020-01-01T04:15:24Z,30.827486,68.069856,1623.630615,2020-01-01T05:59:59Z,36,"Flag, Blue"
GPSMAP 64s,1.1,http://www.garmin.com,Garmin International,2020-01-01T04:15:24Z,30.827497,68.069826,1624.104126,2020-01-01T06:00:06Z,37,"Flag, Blue"
GPSMAP 64s,1.1,http://www.garmin.com,Garmin International,2020-01-01T04:15:24Z,30.828346,68.070954,1624.512207,2020-01-01T06:14:09Z,38,"Flag, Blue"
GPSMAP 64s,1.1,http://www.garmin.com,Garmin International,2020-01-01T04:15:24Z,30.829018,68.070917,1624.807983,2020-01-01T06:16:24Z,39,"Flag, Blue"
GPSMAP 64s,1.1,http://www.garmin.com,Garmin International,2020-01-01T04:15:24Z,30.828521,68.071885,1625.415283,2020-01-01T06:21:24Z,40,"Flag, Blue"
GPSMAP 64s,1.1,http://www.garmin.com,Garmin International,2020-01-01T04:15:24Z,30.82805,68.07289,1624.71936,2020-01-01T06:22:33Z,41,"Flag, Blue"
GPSMAP 64s,1.1,http://www.garmin.com,Garmin International,2020-01-01T04:15:24Z,30.827595,68.073931,1624.647217,2020-01-01T06:24:39Z,42,"Flag, Blue"
GPSMAP 64s,1.1,http://www.garmin.com,Garmin International,2020-01-01T04:15:24Z,30.827087,68.075029,1624.091797,2020-01-01T06:26:26Z,43,"Flag, Blue"
GPSMAP 64s,1.1,http://www.garmin.com,Garmin International,2020-01-01T04:15:24Z,30.827508,68.075158,1623.974243,2020-01-01T06:28:33Z,44,"Flag, Blue"
GPSMAP 64s,1.1,http://www.garmin.com,Garmin International,2020-01-01T04:15:24Z,30.827521,68.075168,1623.965576,2020-01-01T06:28:36Z,45,"Flag, Blue"
GPSMAP 64s,1.1,http://www.garmin.com,Garmin International,2020-01-01T04:15:24Z,30.827485,68.075525,1624.612305,2020-01-01T06:29:30Z,46,"Flag, Blue"
GPSMAP 64s,1.1,http://www.garmin.com,Garmin International,2020-01-01T04:15:24Z,30.827476,68.075542,1624.631958,2020-01-01T06:29:33Z,47,"Flag, Blue"
GPSMAP 64s,1.1,http://www.garmin.com,Garmin International,2020-01-01T04:15:24Z,30.828337,68.075508,1625.475342,2020-01-01T06:41:33Z,48,"Flag, Blue"
GPSMAP 64s,1.1,http://www.garmin.com,Garmin International,2020-01-01T04:15:24Z,30.828959,68.075857,1625.732544,2020-01-01T06:43:18Z,49,"Flag, Blue"
GPSMAP 64s,1.1,http://www.garmin.com,Garmin International,2020-01-01T04:15:24Z,30.829073,68.075413,1625.229004,2020-01-01T06:45:01Z,50,"Flag, Blue"
GPSMAP 64s,1.1,http://www.garmin.com,Garmin International,2020-01-01T04:15:24Z,30.829621,68.074675,1626.083008,2020-01-01T06:46:31Z,51,"Flag, Blue"
GPSMAP 64s,1.1,http://www.garmin.com,Garmin International,2020-01-01T04:15:24Z,30.829604,68.074687,1626.049805,2020-01-01T06:46:34Z,52,"Flag, Blue"
GPSMAP 64s,1.1,http://www.garmin.com,Garmin International,2020-01-01T04:15:24Z,30.829668,68.076199,1626.002686,2020-01-01T06:54:12Z,53,"Flag, Blue"
GPSMAP 64s,1.1,http://www.garmin.com,Garmin International,2020-01-01T04:15:24Z,30.829944,68.075975,1624.944702,2020-01-01T06:55:07Z,54,"Flag, Blue"
GPSMAP 64s,1.1,http://www.garmin.com,Garmin International,2020-01-01T04:15:24Z,30.830167,68.075496,1625.42041,2020-01-01T06:55:57Z,55,"Flag, Blue"
GPSMAP 64s,1.1,http://www.garmin.com,Garmin International,2020-01-01T04:15:24Z,30.830174,68.075481,1625.369507,2020-01-01T06:55:59Z,56,"Flag, Blue"
GPSMAP 64s,1.1,http://www.garmin.com,Garmin International,2020-01-01T04:15:24Z,30.830354,68.076425,1623.399902,2020-01-01T07:16:39Z,57,"Flag, Blue"
GPSMAP 64s,1.1,http://www.garmin.com,Garmin International,2020-01-01T04:15:24Z,30.831066,68.076701,1622.965332,2020-01-01T07:18:39Z,58,"Flag, Blue"
GPSMAP 64s,1.1,http://www.garmin.com,Garmin International,2020-01-01T04:15:24Z,30.831957,68.076617,1623.675537,2020-01-01T07:25:53Z,59,"Flag, Blue"
GPSMAP 64s,1.1,http://www.garmin.com,Garmin International,2020-01-01T04:15:24Z,30.832426,68.076903,1623.543701,2020-01-01T07:26:42Z,60,"Flag, Blue"
GPSMAP 64s,1.1,http://www.garmin.com,Garmin International,2020-01-01T04:15:24Z,30.832433,68.076909,1623.533203,2020-01-01T07:26:44Z,61,"Flag, Blue"
GPSMAP 64s,1.1,http://www.garmin.com,Garmin International,2020-01-01T04:15:24Z,30.832445,68.076922,1623.51355,2020-01-01T07:26:48Z,62,"Flag, Blue"
GPSMAP 64s,1.1,http://www.garmin.com,Garmin International,2020-01-01T04:15:24Z,30.833405,68.077527,1623.267822,2020-01-01T07:29:07Z,63,"Flag, Blue"
GPSMAP 64s,1.1,http://www.garmin.com,Garmin International,2020-01-01T04:15:24Z,30.833396,68.077543,1623.255981,2020-01-01T07:29:12Z,64,"Flag, Blue"
GPSMAP 64s,1.1,http://www.garmin.com,Garmin International,2020-01-01T04:15:24Z,30.833269,68.077682,1621.897339,2020-01-01T07:29:35Z,65,"Flag, Blue"
GPSMAP 64s,1.1,http://www.garmin.com,Garmin International,2020-01-01T04:15:24Z,30.833265,68.077699,1621.898438,2020-01-01T07:29:37Z,66,"Flag, Blue"
GPSMAP 64s,1.1,http://www.garmin.com,Garmin International,2020-01-01T04:15:24Z,30.833274,68.077719,1621.889893,2020-01-01T07:29:41Z,67,"Flag, Blue"
GPSMAP 64s,1.1,http://www.garmin.com,Garmin International,2020-01-01T04:15:24Z,30.833491,68.077889,1621.456665,2020-01-01T07:30:15Z,68,"Flag, Blue"
GPSMAP 64s,1.1,http://www.garmin.com,Garmin International,2020-01-01T04:15:24Z,30.833496,68.077906,1621.44812,2020-01-01T07:30:19Z,69,"Flag, Blue"
GPSMAP 64s,1.1,http://www.garmin.com,Garmin International,2020-01-01T04:15:24Z,30.833508,68.077917,1621.438843,2020-01-01T07:30:22Z,70,"Flag, Blue"
GPSMAP 64s,1.1,http://www.garmin.com,Garmin International,2020-01-01T04:15:24Z,30.833678,68.077735,1622.675049,2020-01-01T07:30:59Z,71,"Flag, Blue"
GPSMAP 64s,1.1,http://www.garmin.com,Garmin International,2020-01-01T04:15:24Z,30.833695,68.077742,1622.65625,2020-01-01T07:31:03Z,72,"Flag, Blue"
GPSMAP 64s,1.1,http://www.garmin.com,Garmin International,2020-01-01T04:15:24Z,30.833557,68.076419,1624.155151,2020-01-01T07:50:29Z,73,"Flag, Blue"
GPSMAP 64s,1.1,http://www.garmin.com,Garmin International,2020-01-01T04:15:24Z,30.833806,68.075925,1624.352417,2020-01-01T07:51:25Z,74,"Flag, Blue"
GPSMAP 64s,1.1,http://www.garmin.com,Garmin International,2020-01-01T04:15:24Z,30.833792,68.075901,1624.340454,2020-01-01T07:51:31Z,75,"Flag, Blue"
GPSMAP 64s,1.1,http://www.garmin.com,Garmin International,2020-01-01T04:15:24Z,30.83403,68.076232,1624.368286,2020-01-01T07:52:17Z,76,"Flag, Blue"
GPSMAP 64s,1.1,http://www.garmin.com,Garmin International,2020-01-01T04:15:24Z,30.834433,68.07644,1625.351685,2020-01-01T07:53:01Z,77,"Flag, Blue"
GPSMAP 64s,1.1,http://www.garmin.com,Garmin International,2020-01-01T04:15:24Z,30.834762,68.076654,1623.830444,2020-01-01T07:53:36Z,78,"Flag, Blue"
GPSMAP 64s,1.1,http://www.garmin.com,Garmin International,2020-01-01T04:15:24Z,30.834782,68.076664,1623.824341,2020-01-01T07:53:39Z,79,"Flag, Blue"
GPSMAP 64s,1.1,http://www.garmin.com,Garmin International,2020-01-01T04:15:24Z,30.826656,68.076003,1625.150757,2020-01-01T08:18:04Z,80,"Flag, Blue"
GPSMAP 64s,1.1,http://www.garmin.com,Garmin International,2020-01-01T04:15:24Z,30.826752,68.075886,1625.190674,2020-01-01T08:18:44Z,81,"Flag, Blue"
GPSMAP 64s,1.1,http://www.garmin.com,Garmin International,2020-01-01T04:15:24Z,30.82677,68.075871,1625.176147,2020-01-01T08:18:48Z,82,"Flag, Blue"
GPSMAP 64s,1.1,http://www.garmin.com,Garmin International,2020-01-01T04:15:24Z,30.826139,68.077037,1624.676392,2020-01-01T08:24:07Z,83,"Flag, Blue"
GPSMAP 64s,1.1,http://www.garmin.com,Garmin International,2020-01-01T04:15:24Z,30.825668,68.0781,1624.552856,2020-01-01T08:25:30Z,84,"Flag, Blue"
GPSMAP 64s,1.1,http://www.garmin.com,Garmin International,2020-01-01T04:15:24Z,30.82582,68.078186,1624.700806,2020-01-01T08:25:54Z,85,"Flag, Blue"
GPSMAP 64s,1.1,http://www.garmin.com,Garmin International,2020-01-01T04:15:24Z,30.825843,68.078199,1624.685547,2020-01-01T08:25:59Z,86,"Flag, Blue"
GPSMAP 64s,1.1,http://www.garmin.com,Garmin International,2020-01-01T04:15:24Z,30.825236,68.078998,1624.158447,2020-01-01T08:30:46Z,87,"Flag, Blue"
GPSMAP 64s,1.1,http://www.garmin.com,Garmin International,2020-01-01T04:15:24Z,30.824705,68.080148,1624.207642,2020-01-01T08:35:49Z,88,"Flag, Blue"
GPSMAP 64s,1.1,http://www.garmin.com,Garmin International,2020-01-01T04:15:24Z,30.824339,68.081032,1623.839844,2020-01-01T08:39:31Z,89,"Flag, Blue"
GPSMAP 64s,1.1,http://www.garmin.com,Garmin International,2020-01-01T04:15:24Z,30.824364,68.080787,1623.398071,2020-01-01T08:41:14Z,90,"Flag, Blue"
GPSMAP 64s,1.1,http://www.garmin.com,Garmin International,2020-01-01T04:15:24Z,30.824364,68.080779,1623.425293,2020-01-01T08:41:17Z,91,"Flag, Blue"
GPSMAP 64s,1.1,http://www.garmin.com,Garmin International,2020-01-01T04:15:24Z,30.824367,68.080772,1623.4198,2020-01-01T08:41:21Z,92,"Flag, Blue"
